{
    "mandatory": {
        "copyright": {
            "keyword": "Copyright",
            "symbol": ["(c)", "(C)", "©"],
            "year_begin" : 2019,
            "year" : 2019,
            "bosch": ["Robert Bosch GmbH and its subsidiaries."],
            "copyright_text": "This program and the accompanying materials are made available under the terms of the Bosch Internal Open Source License v4 which accompanies this distribution, and is available at",
            "link" : "http://bios.intranet.bosch.com/bioslv4.txt"
        }
    },
    "header": {
        "start": "/**\n * Copyright",
        "ignored": ["/", "\n", "*", " ", "$"],
        "end": "http://bios.intranet.bosch.com/bioslv4.txt"
    }
}